{
  "created_at": "2026-06-09T02:06:28.164751+00:00",
  "scores": {
    "faithfulness": 1.0,
    "answer_relevancy": 0.9692456885708861,
    "context_precision": 0.99999999995
  }
}